timestamp,uuid,message
2024-01-02 19:26:55,0ddc95ca-73d8-4d9d-8d71-be4e5bf68901,sandwich food at do and omelette service
2024-01-02 14:16:06,53008a88-659a-4c9b-b05f-fbd354921eb4,gym on
2024-01-01 00:18:36,62a3ddb8-e90b-4cb4-9075-c4bc33ecd0be,of for
2024-01-02 14:15:50,083d1a59-2709-4781-9859-a2a0056d2a34,service and on the food you sandwich table bread do ham omelette . ketchup for of cheese gym waiter meat meal
2024-01-03 08:34:03,8e75bf56-2234-4854-83c9-0c9bcfafe369,omelette cheese gym waiter bread for
2024-01-04 14:29:22,f545e3dd-fb08-43ad-b83d-0b67f5421ba8,you with bread omelette for meal the and table . of gym food ketchup do on at waiter sandwich
2024-01-04 23:37:15,6e0bef1c-1a88-4f83-8508-0232f5e526a5,for on
2024-01-02 19:23:03,55256877-c6b6-41b9-a89b-8b4fabc49fde,ketchup the sandwich ham meat and on
2024-01-02 20:58:09,ba32903e-b11b-4a57-b560-d26268cd0d0f,food table for meat and omelette you do sandwich ketchup with gym
2024-01-02 22:27:58,92dcb986-afe8-49a3-a26f-4b6687069d9e,ham at service the for gym
2024-01-03 10:26:39,f07104ef-ee80-4f7c-bffe-b13fd27da476,omelette for you ham the at on bread of with gym
2024-01-04 15:10:16,c251ea86-e9c8-402d-b09c-82131af8b2d7,sandwich at
2024-01-02 05:58:49,7b96890b-5908-43ff-b28f-d9fc51dc726e,gym with omelette ketchup and waiter sandwich you meat for cheese bread on ham
2024-01-04 13:40:50,1094bc16-c839-43b9-aa92-e439eddc41aa,at cheese omelette
2024-01-03 00:39:32,0dad1051-a7d2-4032-b896-3bee44fb089e,for table of and meal sandwich bread cheese omelette meat ketchup at service . ham waiter do gym the you
2024-01-01 05:23:43,50796366-3da1-4902-93a8-e914c1623a0a,the service meat
2024-01-03 11:58:52,4ed4b0d3-a6f1-4bb9-a1d8-56b85f718f2a,table gym food of with waiter service cheese sandwich you at bread for the . on do meat and ham omelette meal
2024-01-02 08:17:16,ade5cf86-2bd6-4e46-b580-45d33071f79a,cheese . service gym you omelette ham food do meat ketchup meal the with
2024-01-03 13:57:13,9cd10cc5-ffc3-4db5-aae0-f647870491af,you of do and ham sandwich gym service ketchup bread waiter table
2024-01-02 01:08:14,65118e3d-140b-426d-bf7f-9811406f345d,meat waiter you meal the for do with at ham sandwich
2024-01-04 20:47:09,ff5c5b76-0b2d-442f-a619-a7c38828beb1,and . bread food with service ham sandwich meat do gym ketchup cheese table for you omelette waiter of at the on
2024-01-04 20:09:02,c99d6124-7488-4361-8c44-07f792c73397,and on for you do with food table of cheese the ketchup meat gym
2024-01-02 23:34:24,4c1e7c7b-b4ff-4738-895f-eca156ca298a,service meat ketchup of do . and omelette table on
2024-01-04 00:20:23,c83c25c2-8f52-4632-bc6e-26fb250693c5,gym bread you omelette . meal waiter on food ketchup
2024-01-02 12:01:22,f622755a-8dde-4ec1-a82b-6461fa12507e,food
2024-01-04 17:27:23,53c34884-ccec-40ac-968d-64527e2c4d9a,food of on
2024-01-04 23:57:07,1e369143-d364-4272-bd3e-3d8475c15b23,with waiter cheese omelette ketchup service you table on at gym bread . meat
2024-01-03 05:47:18,8c387aa1-2e84-4b3c-b86a-210d1944b64f,food at service meal on the . waiter you for gym table with and sandwich do omelette
2024-01-04 02:26:36,c327578c-3ca4-4b4f-91d3-0fdfbb3ffafb,ketchup of omelette do table sandwich at the . meat food with meal on gym you ham waiter service for cheese and bread
2024-01-02 15:53:25,c6373bb1-210f-4214-ad33-1d7bd79b2900,ham waiter service omelette on sandwich you the and table with for . gym at of food cheese meat bread ketchup
2024-01-02 02:16:31,b39f1a15-e39e-4a8d-8544-5b08c07f5c49,ham food of meat sandwich waiter bread gym service ketchup cheese . for omelette you
2024-01-03 06:59:28,64c9310e-60e4-4a2b-9ec2-bf425aa23287,bread of sandwich meat omelette cheese do
2024-01-02 19:48:00,21218b48-920f-4bdc-b600-f5db611d308d,for the cheese service ham with meal do of food waiter you gym on and meat table . ketchup at sandwich omelette bread
2024-01-03 17:47:39,fd913547-2cf3-40cc-a44d-50b1a2af4685,with
2024-01-02 04:59:01,38b2efed-4758-4602-8973-a3ac724189c2,gym with waiter ham meal cheese you do the service omelette and ketchup bread sandwich
2024-01-01 13:52:37,43c9e500-41b2-4192-9ae3-e304d4327e89,. table at meal meat ketchup with for bread waiter and ham of omelette sandwich the gym on do you
2024-01-03 22:31:32,25a918d1-7486-4615-a4b2-8052bbb5eb2f,waiter gym for bread with ketchup cheese
2024-01-03 16:35:26,4fd504e2-760b-4ff2-9905-2cea22ded904,and the . service at bread
2024-01-02 07:46:17,9cbd04da-1646-4a72-9bb0-4fccbbe6290c,for
2024-01-01 04:39:58,c3025a56-7e86-4f2d-a75e-dbe0c8e19d9f,sandwich of cheese food waiter
2024-01-02 00:17:55,a9137c7e-72be-4a88-b1e3-457963669696,for bread cheese omelette
2024-01-04 03:36:13,bc977e07-5211-438d-8e5d-26d80fe982a8,service waiter with . ham do omelette table of at you the meat ketchup on and food
2024-01-02 06:39:42,ed7ab122-3290-4187-8fb9-706640f38216,omelette you at meal gym . ham food service cheese meat and of with
2024-01-01 20:39:39,1a435876-999d-41a0-99b6-57464ea1fbff,cheese . gym you meat and table ketchup service of meal on food omelette at ham
2024-01-01 07:10:12,35fea156-05f5-46a8-a8c4-2be0a265461e,sandwich at meat table gym you service ham do
2024-01-02 14:55:26,dbb35116-02e5-49e3-b314-8529a673d6a9,the food cheese gym omelette service ketchup . ham with and table
2024-01-01 03:25:45,974f52f5-ab50-450b-8d16-45b68c432f90,gym waiter you for .
2024-01-01 16:13:58,347305f5-dcba-4fb2-b116-05ee7f9fd829,you omelette with gym sandwich ketchup ham service food the at .
2024-01-04 17:10:42,ab57b1a8-050a-4878-91cc-852dbeef9415,ketchup gym cheese table . meat omelette meal ham on for sandwich service with bread the of at you do and waiter
2024-01-01 23:37:23,d1e49157-dd4d-44fb-813d-2b48724a0c6b,meat ham cheese on do gym at ketchup
